instrument,price,ann_pct_vol,min_capital_standalone,affordable
AEX,883.25,10.689113368243117,325556.85546214564,True
AEX_mini,883.25,10.629872083070321,32375.255178886902,True
ALUMINIUM,2310.0,15.257938633452442,140983.35297310055,True
ALUMINIUM_LME,2335.0,13.845063426941698,129312.89240763545,True
AUD,0.6533,8.478158117523188,88620.49117084638,True
AUDJPY,97.72,8.138322480541362,168073.57216624366,True
AUD_micro,0.6533,8.625604807196762,9016.17219286663,True
BB3M,94.815,0.6577542058984645,24945.98601290516,True
BBCOMM,99.49,11.096182329682872,17663.346879682384,True
BITCOIN,71530.0,48.29029583945718,55267.27778234195,True
BOBL,118.25,3.4269788242556394,69868.92967226791,True
BONO,124.97,6.249920529986615,134664.08514716386,True
BOVESPA,131515.0,12.883410390131052,271097.87479329365,True
BRE,0.19905,11.617314570651583,36998.82344461116,True
BRENT-LAST,86.05,20.658040128782197,284419.8964930733,True
BRENT_W,85.35,22.325136980664382,304872.07060795283,True
BTP,119.01,7.150637892617241,146723.52801435732,True
BTP3,105.88,1.9909326982252145,36344.778964161575,True
BUND,133.38,6.058860427568289,139332.74115906176,True
BUTTER,287.75,12.140532123849866,111790.01979640957,True
BUXL,135.8,14.38437371842182,336792.3729579273,True
CAC,8223.5,8.038170903038896,113968.66273623126,True
CAD,0.7394,5.663512458491987,67001.61778894361,True
CAD10,120.34,6.859859050696188,97435.41196506661,True
CAD2,103.085,1.5528351411606083,18893.501489570303,True
CAD5,111.47,3.8364652682017044,50475.53120886923,True
CAD_micro,0.7394,5.647769959825478,6681.537773271933,True
CANOLA,636.1,20.15022011871556,30257.065968359086,True
CH10,150.43,4.993934029356483,133192.60507720927,True
CHEESE,1.59,21.71869824154486,110504.73665298024,True
CHF,1.1182,6.923756988785177,154842.9012971917,True
CHFJPY,167.255,7.746553586731092,342277.79814382835,True
CHF_micro,1.1182,7.012669495699553,15683.134060182483,True
CHINAA-CON,1919.4,15.696188253027692,120509.05493144543,True
CLP,0.001021,14.091586791129906,115100.08090994907,True
CNH,7.2464,4.224275979970331,67504.85438786884,True
CNH-onshore,0.1382,8.649366891252965,95627.40034969278,True
COAL,119.55,39.96170297800551,764387.4545632894,True
COAL-GEORDIE,133.0,34.939111042285475,743504.2829798349,True
COCOA,9306.0,29.183210752345605,434526.3348181251,True
COCOA_LDN,7725.0,29.35189132687284,457818.42615917913,True
COFFEE,188.05,24.433808089562785,275686.65667453693,True
COPPER,4.043,16.250355978691452,262800.7568873982,True
COPPER-micro,4.011,16.59656320299348,26627.526002882736,True
COPPER-mini,4.008,16.621845792094724,133240.7158694313,True
COPPER_LME,8859.5,14.596858903097514,517283.4858079697,True
CORN,477.75,18.73681745013892,71612.11629443095,True
CORN_mini,442.0,21.73774341349201,15372.93214202155,True
COTTON,0.9138,27.323822287672783,199748.07045180313,True
COTTON2,91.97,25.41741081061627,187011.1417801903,True
CRUDE_ICE,82.42,24.925117317619073,328692.50709090626,True
CRUDE_W,77.68,16.91843542188308,210275.8501715004,True
CRUDE_W_micro,81.45,19.870197148064488,25894.84092335764,True
CRUDE_W_mini,82.225,21.379160118346693,140632.11525848453,True
CZK,0.042632,8.030096769521842,219097.0147060833,True
DAX,18776.0,8.239577081815193,26673.47000294946,True
DJSTX-SMALL,337.4,10.199818347825254,29667.36944971797,True
DOW,40140.0,9.535783186852342,30621.30696962024,True
DOW_mini,40140.0,9.496024368268932,304936.33451385197,True
DX,104.27,6.029195274787211,100586.27060833,True
EPRA-EUROPE,1642.0,18.689190377210707,52909.683153812606,True
ETHANOL,2.161,3.268702185114854,32775.407558234045,True
ETHER-micro,3604.5,54.29197439853316,3131.126747512205,True
ETHEREUM,3604.5,54.435986170715076,1569716.09721874,False
EU-AUTO,701.2,14.55031055780968,87954.02013911253,True
EU-BANKS,135.4,13.970215134926347,16306.59491994692,True
EU-BASIC,551.9,20.265829623766855,96419.81760758787,True
EU-CHEM,1339.2,11.364170727833418,131197.24477197745,True
EU-CONSTRUCTION,708.7,11.022269620087384,67340.29078358234,True
EU-DIV30,1632.0,10.261948693440598,28874.968121542683,True
EU-DJ-OIL,361.4,13.31652831475687,41487.827093522406,True
EU-DJ-TECH,1120.2,21.070755835437176,203477.88147397203,True
EU-DJ-TELECOM,283.6,9.981516082115679,24403.058538268022,True
EU-DJ-UTIL,361.2,14.004330840743803,43606.5399509366,True
EU-FOOD,714.5,10.274094587518046,63283.037595174064,True
EU-HEALTH,1145.6,11.936771594098598,117885.7777798444,True
EU-HOUSE,1079.0,13.849258858320521,128821.84113427153,True
EU-INSURE,375.1,9.630386013476649,31140.980584606572,True
EU-MEDIA,454.7,10.061781416723315,39440.404190353795,True
EU-MID,530.7,9.473147038932376,43339.5991627102,True
EU-OIL,364.0,14.043129894012493,44066.323761356485,True
EU-REALESTATE,128.5,19.496811155215095,21597.736443655846,True
EU-RETAIL,446.2,16.84173825030389,64782.54474765479,True
EU-TECH,861.1,19.274331224154103,143078.51748566626,True
EU-TRAVEL,262.1,17.553463491938228,39661.70369295426,True
EU-UTILS,367.5,13.400379384276778,42453.74058728932,True
EUA,64.19,44.672402691140014,494399.7098483044,True
EUR,1.08215,5.895940156051703,127605.83279742699,True
EURAUD,1.6564,5.683758099632998,122529.77710706914,True
EURCAD,1.4636,4.629976507018217,99977.62768494693,True
EURCHF,0.9678,5.5888879413772425,119873.69424922334,True
EURIBOR,97.7,0.7873635913843324,33157.4727249033,True
EURIBOR-ICE,97.695,0.7991359530380784,33651.50840167142,True
EURO600,510.8,8.356097284217116,36795.600968002334,True
EUROSTX,5045.0,9.325617856004857,81116.70584495408,True
EUROSTX-LARGE,537.5,8.847716634562474,40996.916937516515,True
EUROSTX-SMALL,330.9,9.844473913553568,28082.17904788006,True
EUROSTX200-LARGE,530.9,8.225587019613206,37646.20049752417,True
EUR_micro,1.0821,5.953978594839145,12885.60047495088,True
EUR_mini,1.0822,5.95261606274623,64419.211031039704,True
FANG,10142.4,19.174568657957362,155580.9161251734,True
FED,95.105,0.7485765266535309,47466.0440246863,True
FEEDCOW,258.825,12.156227968198396,251706.85630951598,True
FTSE100,7988.0,10.324429056026238,166518.61488585355,True
FTSE250,19969.0,10.575422985325567,85279.12755657273,True
FTSECHINAA,12138.0,16.52134339606996,32085.770582639547,True
FTSECHINAH,11130.0,30.70672485465149,109365.07124232674,True
FTSEINDO,3807.0,10.579186250213167,32219.969643649223,True
FTSETAIWAN,1737.0,10.73078579161815,119291.99948826066,True
FTSEVIET,1964.0,16.987829933840594,26691.278392050343,True
GAS-LAST,1.749,73.04742318472202,204415.9090401261,True
GAS-PEN,1.71,83.20923283642308,227660.46104045358,True
GASOIL,797.75,23.808712566700684,303894.40720136755,True
GASOILINE,2.6876,20.505952034195293,370351.273737334,True
GASOILINE_ICE,2.6885,24.93861800556042,450559.0286934186,True
GASOILINE_micro,2.7206,21.972463771961806,40171.00747833552,True
GAS_US,2.345,51.78349601613235,194291.6770525286,True
GAS_US_mini,1.755,73.06141242721743,51289.111523906635,True
GBP,1.2627,6.735786086185685,85052.77091026666,True
GBPCHF,1.1292,5.675015372850199,142020.41637612722,True
GBPEUR,0.857,4.29603801611124,92921.80554884131,True
GBPJPY,188.87,7.574803314462926,188971.11937424922,True
GBP_micro,1.2627,6.800942645225996,8587.550278126866,True
GICS,582.05,13.859962784249962,322687.6535429076,True
GILT,99.94,7.549720317248261,152345.24289142372,True
GOLD,2254.8,11.248173222822787,405798.0957251332,True
GOLD-mini,2254.25,11.400706129902469,205600.3343466611,True
GOLD_micro,2255.0,11.27358032146198,40675.07779983482,True
HANG,16570.0,24.771513841529607,419588.7279727786,True
HANGENT,5814.0,27.551404914562145,163744.80600127322,True
HANGENT_mini,5814.0,27.52118338863323,32713.038401285674,True
HANGTECH,3472.0,41.35420569358719,146773.67084120965,True
HANG_mini,16570.0,24.84041723871819,84151.1676531696,True
HEATOIL,2.6153,23.153260270684083,406914.28905738296,True
HEATOIL-ICE,2.6197,28.597535268286144,503441.99231645226,True
HIGHYIELD,154.67,4.891257516335877,121044.9280082672,True
HOUSE-US,336.2,1.7702801557746977,23806.72753485813,True
IBEX,11067.0,11.484951099343315,219144.50251724862,True
IBEX_mini,11068.0,11.451579058619474,21852.74742503346,True
IG,133.07,6.925457124010113,147451.29271872411,True
INR,119.86,2.994165239517583,28710.451648686198,True
IRON,101.05,41.39385687493805,66925.58779539984,True
IRS,0.27332,9.490658411560958,415037.8811276545,True
JGB,145.68,2.336006881190791,359604.5120516416,True
JGB-SGX-mini,145.69,2.326176716156884,35811.583874981225,True
JGB-mini,145.8,2.281975155941718,35157.62403844256,True
JP-REALESTATE,1783.5,15.252450116003688,28745.099000117323,True
JPY,0.0066855,8.294632793041409,110907.53507575666,True
JPY_mini,0.006685,8.409189722882306,56215.43329746822,True
KOSDAQ,1525.7,19.07889951257422,34464.67355182004,True
KOSPI,377.7,13.159115165001731,147117.85481550614,True
KOSPI_mini,375.12,12.892819384342774,28631.218092131596,True
KR10,113.29,5.01100014980013,67215.23090534944,True
KR3,104.76,1.7008342140316428,21096.440043815463,True
KRWUSD,0.000743,7.820958804715329,116219.4478380698,True
KRWUSD_mini,0.7448,8.59247016553574,25598.687117164078,True
LEAD_LME,2052.5,18.386779046412034,150955.4559710428,True
LEANHOG,104.0,16.33859406169342,108749.68207463142,True
LIVECOW,180.25,11.896093408581901,137233.3335614008,True
LUMBER-new,604.5,15.990110821913603,42530.496764125804,True
MIB,34200.0,8.80199020733551,259506.66201675998,True
MILK,16.64,20.602260825615435,109702.91844423708,True
MILKDRY,124.125,12.740213559821928,111329.08217114794,True
MILKWET,20.0,9.839352726856758,62971.85745188325,True
MILLWHEAT,218.0,20.209400885907502,37979.69361034927,True
MSCIASIA,639.5,14.416927926079115,147514.0065396415,True
MSCIEAFA,2357.1,10.458652974016184,197216.72740042838,True
MSCIEMASIA,638.95,12.740450084933805,130248.16930829528,True
MSCISING,291.7,14.138495948499397,48900.04541979679,True
MSCITAIWAN,802.4,13.60068361113683,174611.0164732191,True
MSCIWORLD,3468.5,10.515080398542102,58354.49017974925,True
MUMMY,736.0,26.38252799539826,20518.485597451145,True
MXP,0.05945,8.070078858723887,38381.295052090805,True
NASDAQ,18465.0,12.220158971756682,722064.7533231587,True
NASDAQ_micro,18465.25,12.265066952174946,72472.8088123675,True
NICKEL_LME,16600.0,24.56956501533735,391540.588084416,True
NIKKEI,40365.0,14.582329705640943,62198.93548915922,True
NIKKEI400,25030.0,12.950957018699677,34254.197185541656,True
NOK,0.09234,11.147848175502295,329405.5361682822,True
NZD,0.5975,8.96934313636248,85746.92038362531,True
OAT,128.17,5.910217430128183,130605.46889749188,True
OATIES,357.0,24.2557771046959,69274.4994110115,True
OJ,359.35,29.579558848164204,255105.94733010736,True
OMX,4392.0,11.490131044068933,87007.92935368368,True
PALLAD,1023.0,46.641687662520084,763431.1436601287,True
PLAT,923.0,25.88247528851441,191116.1975303904,True
PLN,0.25034,8.799293799498054,176225.21678130742,True
R1000,1783.0,9.812013483791597,139958.56033280335,True
REDWHEAT,590.75,25.959298195834812,122683.64327351534,True
RICE,16.36,16.408104257516676,85899.7074089513,True
ROBUSTA,3396.0,21.525328152028287,116960.0230468609,True
RUBBER,164.3,21.292727560076,27987.161104963892,True
RUR,0.01052,27.527821335022683,115837.07217777545,True
RUSSELL,2145.1,17.944064079907427,30793.44948624754,True
RUSSELL_mini,2145.2,17.940978220264196,307895.89182488597,True
SARONA,98.915,0.685703419605203,30063.62434167521,True
SEK,0.09374,10.042633000072279,301246.85357656813,True
SGD,1.3473,4.240827633404513,67746.13957580194,True
SGD_mini,1.3482,4.443106392441531,17756.22607557168,True
SGX,3178.0,30.903438775310903,23289.508234543606,True
SHATZ,105.7,1.2711185217430345,23165.01332209374,True
SILVER,25.1,24.201610483152052,97193.66770033864,True
SMI,11635.0,8.673606951099291,178924.15810321434,True
SMI-MID,2608.0,11.341159383604381,52440.629665388384,True
SOFR,96.405,0.9884494600274258,38116.588077577595,True
SONIA3,96.545,1.0454871649931987,50950.35217478642,True
SOYBEAN,1186.25,13.926274687734777,132160.34678660304,True
SOYBEAN_mini,1205.25,16.20249943041602,31244.899901614248,True
SOYMEAL,341.8,18.937216832529526,103563.85141373746,True
SOYOIL,48.54,23.771935867045894,110773.41763069514,True
SP400,3076.9,12.747212516332262,627550.3710640438,True
SP500,5304.25,9.131367445279228,387480.4461729787,True
SP500_micro,5303.75,9.147064563895771,38810.99494460976,True
SPI200,7952.0,10.390560348535764,215073.13801100347,True
STEEL,905.0,23.127957761005188,66978.56567587102,True
SUGAR11,22.14,22.66886013031218,89938.430540692,True
SUGAR16,40.05,16.90324806810218,121313.93525484663,True
SUGAR_WHITE,615.6,18.96868137237513,93416.96202267305,True
SWISSLEAD,1906.1,10.24740748797858,34630.80160895626,True
TIN_LME,27495.0,22.32702518877297,491105.24605225027,True
TOPIX,2767.75,12.745084556433742,37275.25836258665,True
TWD,31.385,5.482001441480019,82585.2553156082,True
TWD-mini,0.3121,5.419859977752762,27064.612784906192,True
US-DISCRETE,1880.8,13.98833674424862,420948.2199773249,True
US-ENERGY,1000.4,13.733596426432584,219825.4378400505,True
US-FINANCE,525.65,11.125241149552208,233919.3204104847,True
US-HEALTH,1511.3,9.505692105685858,229855.2396691686,True
US-INDUSTRY,1284.9,10.92546847346545,224610.15106489215,True
US-MATERIAL,996.3,11.7602685777751,187468.0893445973,True
US-PROPERTY,195.3,17.549432621883383,137096.16764215298,True
US-REALESTATE,348.2,18.351414927329245,102239.40284313669,True
US-STAPLES,778.3,9.285267685555274,115627.58143468272,True
US-TECH,2126.8,15.162975950023801,515977.87600817,True
US-UTILS,668.7,15.955057228193656,170706.34829588956,True
US10,110.71875,5.295370514224951,93807.48865949501,True
US10U,114.484375,6.883784131940995,126093.71583682919,True
US2,102.22265625,1.6180929584029995,52929.84328556011,True
US20,120.21875,9.817290043342648,188835.57398369585,True
US3,104.28125,2.719484704263119,90749.20458126027,True
US30,128.59375,13.531327416957545,278407.0616039015,True
US5,106.9453125,3.6676927957218033,62758.80835079471,True
V2X,16.3,31.042023872286716,8723.869351984236,True
VIX,16.0,38.759987325359305,99225.56755291982,True
VIX_mini,15.19,40.872817608328695,9933.729591528207,True
VNKI,19.9,41.83446895837699,8797.077513025188,True
WHEAT,612.0,21.636183952693422,105930.75663238698,True
WHEAT_ICE,194.9,17.127868626710267,67402.1657604915,True
WHEAT_mini,560.25,28.968092555917753,25966.998167124675,True
WHEY,44.5,31.08924081908779,97396.37363803823,True
YENEUR,161.87,7.291818245430244,155906.16773606057,True
ZAR,0.0525,14.179181554312356,59552.5625281119,True
ZINC_LME,2435.5,20.56582405856856,200352.2579785749,True
